symptom,severity_weight
fever,3
high_fever,5
cough,2
body_pain,3
fatigue,2
headache,2
sore_throat,2
chills,3
runny_nose,2
sneezing,2
nasal_congestion,2
severe_headache,5
rash,3
nausea,2
joint_pain,3
muscle_pain,3
sweating,2
vomiting,3
abdominal_pain,3
weakness,2
diarrhea,3
constipation,2
loss_of_appetite,2
productive_cough,3
chest_pain,4
difficulty_breathing,5
light_sensitivity,3
sound_sensitivity,3
visual_disturbance,3
itchy_eyes,3
watery_eyes,2
skin_rash,3
itching,2
bloating,2
heartburn,3
frequent_urination,3
painful_urination,4
cloudy_urine,2
lower_abdominal_pain,3
pelvic_pain,3
